CD_MUNICIPIO,2018,2020,2022,2024,FL_MULTIZONA,FL_ZONA_RENUMERADA,QT_LOCAIS
30007,205,205,205,205,False,False,52
30058,"188,203","188,203","188,203","188,203",True,False,47
30660,175,175,175,175,False,False,8
30678,61,61,61,61,False,False,14
30694,28,28,28,28,False,False,5
30716,199,199,199,199,False,False,17
30732,166,166,166,166,False,False,12
30759,174,174,174,174,False,False,17
30775,150,150,150,150,False,False,22
30791,77,77,77,77,False,False,25
30813,196,196,196,196,False,False,15
30830,191,191,191,191,False,False,12
30856,83,83,83,83,False,False,20
30872,186,186,186,186,False,False,32
30899,82,82,82,82,False,False,14
30910,149,149,149,149,False,False,16
30937,191,191,191,191,False,False,4
30953,93,93,93,93,False,False,9
30970,110,110,110,110,False,False,13
30996,199,199,199,199,False,False,16
33014,105,105,105,105,False,False,20
33030,158,158,158,158,False,False,11
33057,21,21,21,21,False,False,13
33065,52,52,52,52,False,False,9
33073,74,74,74,74,False,False,21
33090,111,111,111,111,False,False,25
33111,147,147,147,147,False,False,5
33138,163,163,163,163,False,False,70
33154,112,112,112,112,False,False,16
33170,135,135,135,135,False,False,11
33197,36,36,36,36,False,False,18
33219,192,192,192,192,False,False,16
33235,161,161,161,161,False,False,28
33251,119,119,119,119,False,False,13
33260,45,45,45,45,False,False,19
33278,126,126,126,126,False,False,37
33294,194,157,157,157,False,True,13
33316,82,82,82,82,False,False,14
33332,143,143,143,143,False,False,17
33359,53,53,53,53,False,False,15
33375,44,44,44,44,False,False,12
33383,200,200,200,200,False,False,5
33391,90,90,90,90,False,False,22
33405,23,23,23,23,False,False,8
33413,123,123,123,123,False,False,51
33430,163,163,163,163,False,False,8
33456,30,30,30,30,False,False,10
33472,73,73,73,73,False,False,11
33499,126,126,126,126,False,False,27
33510,86,86,86,86,False,False,14
33529,110,110,110,110,False,False,17
33537,77,77,77,77,False,False,83
33553,169,169,169,169,False,False,30
33570,139,139,139,139,False,False,24
33596,176,176,176,176,False,False,35
33618,134,134,134,134,False,False,7
33634,"70,75","70,75","70,75","70,75",True,False,80
33650,136,136,136,136,False,False,7
33677,34,34,34,34,False,False,16
33693,177,177,177,177,False,False,20
33715,150,150,150,150,False,False,18
33731,59,59,59,59,False,False,17
33758,42,42,42,42,False,False,19
33774,71,71,71,71,False,False,51
33782,59,59,59,59,False,False,9
33790,105,105,105,105,False,False,30
33804,69,69,69,69,False,False,14
33812,65,65,65,65,False,False,47
33839,168,168,168,168,False,False,22
33855,36,36,36,36,False,False,10
33871,190,190,190,190,False,False,15
33898,94,94,94,94,False,False,34
33910,90,90,90,90,False,False,28
33936,166,166,166,166,False,False,20
33952,201,201,201,201,False,False,14
33960,131,131,131,131,False,False,11
33979,118,118,118,118,False,False,29
33995,93,93,93,93,False,False,23
34010,167,167,167,167,False,False,11
34029,58,58,58,58,False,False,12
34037,63,63,63,63,False,False,62
34053,55,55,55,55,False,False,19
34070,31,31,31,31,False,False,14
34096,115,115,115,115,False,False,7
34118,133,133,133,133,False,False,11
34134,"170,171","170,171","170,171","170,171",True,False,70
34150,78,78,78,78,False,False,26
34177,67,67,67,67,False,False,48
34193,53,53,53,53,False,False,99
34215,99,99,99,99,False,False,13
34231,174,174,174,174,False,False,32
34258,116,116,116,116,False,False,30
34274,114,114,114,114,False,False,10
34290,127,127,127,127,False,False,41
34312,64,64,64,64,False,False,11
34339,40,40,40,40,False,False,34
34355,50,50,50,50,False,False,47
34363,161,161,161,161,False,False,7
34371,112,112,112,112,False,False,14
34398,144,144,144,144,False,False,6
34410,125,125,125,125,False,False,28
34436,66,66,66,66,False,False,94
34452,43,43,43,43,False,False,41
34479,100,100,100,100,False,False,11
34495,129,129,129,129,False,False,28
34509,111,111,111,111,False,False,14
34517,159,159,159,159,False,False,35
34533,158,158,158,158,False,False,14
34550,82,82,82,82,False,False,25
34576,79,79,79,79,False,False,16
34592,135,135,135,135,False,False,31
34614,61,61,61,61,False,False,18
34630,108,108,108,108,False,False,20
34657,184,184,184,184,False,False,20
34673,132,132,132,132,False,False,91
34690,192,192,192,192,False,False,18
34711,21,21,21,21,False,False,15
34738,60,60,60,60,False,False,24
34754,58,58,58,58,False,False,10
34770,130,130,130,130,False,False,14
34797,60,60,60,60,False,False,6
34819,61,61,61,61,False,False,15
34835,52,52,52,52,False,False,22
34851,124,124,124,124,False,False,32
34878,98,98,98,98,False,False,20
34894,38,38,38,38,False,False,7
34916,81,81,81,81,False,False,13
34932,126,126,126,126,False,False,25
34959,142,142,142,142,False,False,35
34975,85,85,85,85,False,False,42
34991,147,147,147,147,False,False,13
35017,101,101,101,101,False,False,14
35033,202,202,202,202,False,False,10
35050,107,107,107,107,False,False,10
35076,152,152,152,152,False,False,18
35092,144,144,144,144,False,False,24
35114,21,21,21,21,False,False,24
35130,102,102,102,102,False,False,72
35149,125,125,125,125,False,False,6
35157,"154,155,156,157","154,155,156,157","154,155,156,157","154,155,156,157",True,False,173
35173,137,137,137,137,False,False,9
35190,29,29,29,29,False,False,10
35211,187,187,187,187,False,False,32
35238,151,151,151,151,False,False,18
35254,68,68,68,68,False,False,32
35270,84,84,84,84,False,False,29
35297,73,73,73,73,False,False,6
35319,131,131,131,131,False,False,14
35335,64,64,64,64,False,False,68
35351,189,189,189,189,False,False,15
35378,193,193,193,193,False,False,25
35394,93,93,93,93,False,False,11
35416,29,29,29,29,False,False,24
35432,169,169,169,169,False,False,16
35459,146,146,146,146,False,False,15
35475,176,176,176,176,False,False,28
35491,97,97,97,97,False,False,49
35513,65,65,65,65,False,False,21
35530,42,42,42,42,False,False,5
35556,134,134,134,134,False,False,14
35572,153,153,153,153,False,False,10
35599,24,24,24,24,False,False,10
35610,88,88,88,88,False,False,28
35637,104,104,104,104,False,False,31
35653,173,173,173,173,False,False,33
35670,132,132,132,132,False,False,10
35696,168,168,168,168,False,False,12
35700,32,32,32,32,False,False,14
35718,146,146,146,146,False,False,29
35734,"25,26","25,26","25,26","25,26",True,False,83
35750,44,44,44,44,False,False,18
35777,143,143,143,143,False,False,20
35793,24,24,24,24,False,False,20
35815,62,62,62,62,False,False,51
35831,94,94,94,94,False,False,14
35858,76,76,76,76,False,False,9
35874,169,169,169,169,False,False,12
35890,89,89,89,89,False,False,28
35912,74,74,74,74,False,False,28
35939,95,95,95,95,False,False,48
35947,189,189,189,189,False,False,10
35955,42,42,42,42,False,False,40
35971,"27,28","27,28","27,28","27,28",True,False,61
35998,198,198,198,198,False,False,8
36013,119,119,119,119,False,False,17
36030,147,147,147,147,False,False,12
36056,147,147,147,147,False,False,18
36072,188,188,188,188,False,False,4
36080,68,68,68,68,False,False,19
36099,137,137,137,137,False,False,6
36110,136,136,136,136,False,False,28
36137,172,172,172,172,False,False,34
36153,151,151,151,151,False,False,10
36170,201,201,201,201,False,False,29
36196,185,185,185,185,False,False,7
36218,148,148,148,148,False,False,20
36234,141,141,141,141,False,False,21
36250,27,27,27,27,False,False,9
36277,188,188,188,188,False,False,7
36293,140,140,140,140,False,False,34
36315,81,81,81,81,False,False,22
36331,135,135,135,135,False,False,11
36358,76,76,76,76,False,False,6
36374,138,138,138,138,False,False,13
36382,107,107,107,107,False,False,11
36390,37,37,37,37,False,False,13
36412,149,149,149,149,False,False,45
36439,137,137,137,137,False,False,17
36455,58,58,58,58,False,False,38
36471,32,32,32,32,False,False,21
36498,92,92,92,92,False,False,11
36510,46,46,46,46,False,False,41
36536,76,76,76,76,False,False,29
36552,179,179,179,179,False,False,48
36579,30,30,30,30,False,False,17
36595,49,49,49,49,False,False,15
36617,"22,23","22,23","22,23","22,23",True,False,85
36633,51,51,51,51,False,False,54
36650,109,109,109,109,False,False,9
36676,24,24,24,24,False,False,13
36692,"47,48","47,48","47,48","47,48",True,False,115
36706,172,172,172,172,False,False,11
36714,159,159,159,159,False,False,21
36730,101,101,101,101,False,False,21
36757,23,23,23,23,False,False,7
36765,63,63,63,63,False,False,18
36773,109,109,109,109,False,False,14
36790,153,153,153,153,False,False,8
36811,87,87,87,87,False,False,7
36820,37,37,37,37,False,False,10
36838,160,160,160,160,False,False,10
36854,180,180,180,180,False,False,42
36870,89,89,89,89,False,False,8
36897,117,117,117,117,False,False,8
36919,101,101,101,101,False,False,41
36935,87,87,87,87,False,False,11
36951,91,91,91,91,False,False,15
36978,65,65,65,65,False,False,98
36994,158,158,158,158,False,False,12
37010,91,91,91,91,False,False,8
37036,86,86,86,86,False,False,15
37052,125,125,125,125,False,False,18
37079,90,90,90,90,False,False,13
37095,22,22,22,22,False,False,15
37117,37,37,37,37,False,False,27
37133,118,118,118,118,False,False,40
37150,78,78,78,78,False,False,30
37176,193,193,193,193,False,False,15
37192,133,133,133,133,False,False,11
37214,185,185,185,185,False,False,26
37222,113,113,113,113,False,False,10
37230,153,153,153,153,False,False,28
37257,103,103,103,103,False,False,40
37273,193,193,193,193,False,False,16
37290,167,167,167,167,False,False,24
37303,59,59,59,59,False,False,9
37311,50,50,50,50,False,False,80
37338,173,173,173,173,False,False,17
37354,55,55,55,55,False,False,44
37370,92,92,92,92,False,False,8
37397,119,119,119,119,False,False,20
37419,35,35,35,35,False,False,24
37427,55,55,55,55,False,False,15
37435,54,54,54,54,False,False,21
37451,202,202,202,202,False,False,15
37460,98,98,98,98,False,False,14
37478,131,131,131,131,False,False,16
37494,109,109,109,109,False,False,11
37516,30,30,30,30,False,False,24
37532,32,32,32,32,False,False,12
37559,146,146,146,146,False,False,16
37567,196,196,196,196,False,False,15
37575,36,36,36,36,False,False,5
37583,119,119,119,119,False,False,8
37591,79,79,79,79,False,False,28
37613,35,35,35,35,False,False,25
37621,82,82,82,82,False,False,7
37630,81,81,81,81,False,False,21
37656,94,94,94,94,False,False,47
37672,74,74,74,74,False,False,14
37680,167,167,167,167,False,False,15
37699,175,175,175,175,False,False,42
37710,89,89,89,89,False,False,9
37737,111,111,111,111,False,False,35
37753,173,173,173,173,False,False,47
37770,52,52,52,52,False,False,16
37796,133,133,133,133,False,False,6
37818,"84,181","84,181","84,181","84,181",True,False,63
37834,130,130,130,130,False,False,5
37850,51,51,51,51,False,False,20
37877,105,105,105,105,False,False,58
37893,195,195,195,195,False,False,77
37915,117,117,117,117,False,False,24
37931,115,115,115,115,False,False,24
37940,151,151,151,151,False,False,8
37958,177,177,177,177,False,False,6
37974,54,54,54,54,False,False,16
37990,37,37,37,37,False,False,16
38016,139,139,139,139,False,False,27
38032,59,59,59,59,False,False,34
38059,200,200,200,200,False,False,15
38067,149,149,149,149,False,False,11
38075,"121,122","121,122","121,122","121,122",True,False,45
38091,138,138,138,138,False,False,11
38113,112,112,112,112,False,False,22
38130,95,95,95,95,False,False,24
38156,60,60,60,60,False,False,15
38164,197,197,197,197,False,False,19
38172,106,106,106,106,False,False,21
38199,102,102,102,102,False,False,34
38210,67,67,67,67,False,False,56
38237,196,196,196,196,False,False,20
38253,182,182,182,182,False,False,33
38270,114,114,114,114,False,False,33
38296,113,113,113,113,False,False,26
38318,79,79,79,79,False,False,17
38334,110,110,110,110,False,False,38
38342,152,152,152,152,False,False,8
38350,101,101,101,101,False,False,26
38377,93,93,93,93,False,False,13
38393,111,111,111,111,False,False,19
38415,49,49,49,49,False,False,35
38431,158,158,158,158,False,False,7
38458,87,87,87,87,False,False,24
38474,30,30,30,30,False,False,11
38490,"1,2,3,4,5,6,7,8,9,10,11,12,13,14,15,16,17,18,19","1,2,3,4,5,6,7,8,9,10,11,12,13,14,15,16,17,18,19","1,2,3,4,5,6,7,8,9,10,11,12,13,14,15,16,17,18,19","1,2,3,4,5,6,7,8,9,10,11,12,13,14,15,16,17,18,19",True,False,704
38512,160,160,160,160,False,False,17
38539,181,181,181,181,False,False,20
38555,121,121,121,121,False,False,17
38571,29,29,29,29,False,False,5
38598,38,38,38,38,False,False,15
38610,145,145,145,145,False,False,35
38636,72,72,72,72,False,False,36
38652,99,99,99,99,False,False,21
38679,74,74,74,74,False,False,13
38695,107,107,107,107,False,False,19
38717,178,178,178,178,False,False,36
38733,"56,202","56,202","56,202","56,202",True,False,66
38750,143,143,143,143,False,False,33
38776,100,100,100,100,False,False,46
38792,118,118,118,118,False,False,9
38806,120,120,120,120,False,False,8
38814,184,184,184,184,False,False,29
38822,72,72,72,72,False,False,12
38830,162,162,162,162,False,False,37
38857,108,108,108,108,False,False,31
38865,191,191,191,191,False,False,7
38873,36,36,36,36,False,False,13
38890,128,128,128,128,False,False,19
38911,142,142,142,142,False,False,17
38938,44,44,44,44,False,False,26
38946,178,178,178,178,False,False,9
38954,115,115,115,115,False,False,9
38970,88,88,88,88,False,False,68
38997,175,175,175,175,False,False,12
39012,45,45,45,45,False,False,57
39039,96,96,96,96,False,False,45
39047,71,71,71,71,False,False,32
39055,190,190,190,190,False,False,22
39071,194,155,155,155,False,True,34
39098,150,150,150,150,False,False,73
39110,46,46,46,46,False,False,11
39136,33,33,33,33,False,False,45
39144,71,71,71,71,False,False,13
39152,174,174,174,174,False,False,22
39179,190,190,190,190,False,False,16
39195,58,58,58,58,False,False,32
39217,160,160,160,160,False,False,6
39233,32,32,32,32,False,False,17
39250,54,54,54,54,False,False,9
39276,130,130,130,130,False,False,7
39292,123,123,123,123,False,False,27
39314,197,197,197,197,False,False,12
39330,128,128,128,128,False,False,10
39357,177,177,177,177,False,False,17
39373,80,80,80,80,False,False,57
39390,83,83,83,83,False,False,26
39411,38,38,38,38,False,False,15
39438,73,73,73,73,False,False,12
39454,134,134,134,134,False,False,19
39470,159,159,159,159,False,False,21
39489,167,167,167,167,False,False,14
39497,116,116,116,116,False,False,23
39519,117,117,117,117,False,False,15
39535,198,198,198,198,False,False,21
39551,69,69,69,69,False,False,15
39578,31,31,31,31,False,False,48
39594,120,120,120,120,False,False,27
39616,103,103,103,103,False,False,6
39624,56,56,56,56,False,False,13
39632,141,141,141,141,False,False,33
39640,148,148,148,148,False,False,11
39659,"39,40,41","39,40,41","39,40,41","39,40,41",True,False,156
39675,69,69,69,69,False,False,13
39691,197,197,197,197,False,False,22
39713,68,68,68,68,False,False,52
39730,104,104,104,104,False,False,33
39748,162,162,162,162,False,False,9
39756,161,161,161,161,False,False,7
39772,97,97,97,97,False,False,22
39799,106,106,106,106,False,False,12
39810,114,114,114,114,False,False,15
39837,62,62,62,62,False,False,12
39845,191,191,191,191,False,False,11
39853,43,43,43,43,False,False,25
39870,133,133,133,133,False,False,9
39896,95,95,95,95,False,False,38
39900,51,51,51,51,False,False,15
39918,168,168,168,168,False,False,21
39926,166,166,166,166,False,False,6
39934,183,183,183,183,False,False,50
39942,88,88,88,88,False,False,25
39950,55,55,55,55,False,False,10
39969,151,151,151,151,False,False,6
39977,86,86,86,86,False,False,15
39985,66,66,66,66,False,False,13
39993,98,98,98,98,False,False,17
